Linear,Quadratic,Cubic
3.954537,0.984389,2.578073