Linear,Quadratic,Cubic
0.01481*10^-9,0.00754*10^-9,0.00937*10^-9