Linear,Quadratic,Cubic
4.431022,0.937726,2.451091